{"cameraMode":{"drawMode":0,"name":"Shaded","section":"Shading Mode"},"sceneLighting":true,"audioPlay":false,"sceneViewState":{"m_AlwaysRefresh":false,"showFog":true,"showSkybox":true,"showFlares":true,"showImageEffects":true,"showParticleSystems":true,"showVisualEffectGraphs":true,"m_FxEnabled":true},"in2DMode":false,"pivot":{"x":-15.89887523651123,"y":18.998872756958009,"z":3.367657423019409},"rotation":{"x":0.03200890123844147,"y":0.7070461511611939,"z":-0.032049551606178287,"w":0.7057557106018066},"size":9.423749923706055,"orthographic":false}